sample_id,mse,emd,cost_cos,nn_cos,cost_mse,nn_mse,local_pca,lle_recon,kde,base_emd,base_cost_cos,base_nn_cos,base_cost_mse,base_nn_mse,base_local_pca,base_lle_recon,base_kde,method
0,0.021008294075727463,31.565128326416016,0.02146192640066147,0.019296880811452866,0.017708217725157738,0.01596277952194214,6.377237227301068,6.316375257775553,139.71712658467624,6.942384243011475,0.004786181729286909,0.0028469653334468603,0.00394001230597496,0.002329939743503928,1.9107020612350787,1.4059144675707063,38.647705453438,das
1,0.021008290350437164,31.90654182434082,0.02184143476188183,0.019570697098970413,0.018032444640994072,0.016186051070690155,6.444868628748059,6.386272044348326,138.49165130309345,7.232844829559326,0.005232834257185459,0.0030835000798106194,0.004313422366976738,0.0025251598563045263,1.965252468360717,1.4965492515833643,40.69077898154713,das
2,0.021008294075727463,31.266511917114258,0.02155216597020626,0.01953653246164322,0.017788752913475037,0.016148533672094345,6.397413569833636,6.3418389061826295,137.7677038764109,7.04407262802124,0.004738884977996349,0.0028435869608074427,0.003895709989592433,0.0023276328574866056,1.9196671068395303,1.4234924218360068,40.44207861706758,das
3,0.021008294075727463,31.670438766479492,0.022020328789949417,0.019868211820721626,0.018163783475756645,0.016416599974036217,6.4886112410109655,6.430086282151769,141.24929209443135,7.394893646240234,0.004809967707842588,0.003145406721159816,0.003955980762839317,0.00258858734741807,1.9917180001077477,1.5134931322413836,40.5348855260681,das
4,0.021008290350437164,31.672639846801758,0.02225298248231411,0.01992635428905487,0.01833956502377987,0.01647953689098358,6.492962948658357,6.432840037843565,135.87636992324425,6.9680495262146,0.004674769006669521,0.0029437073972076178,0.0038467030972242355,0.0024186326190829277,1.9611959418560687,1.471144535510448,39.09779592193388,das
